Date/Time (PST),Battery Voltage (v),Temperature (deg F),Relative Humidity (%),"Precipitation ("")","Total Snow Depth ("")","24 Hour Snow ("")"
2014-10-22 04:15,13.82,42.08,98.4,0.03,9.32,
2014-10-22 04:00,13.81,41.96,98.0,0.04,8.45,
2014-10-22 03:45,13.82,41.84,97.8,0.05,3.732,
2014-10-22 03:30,13.81,41.96,97.7,0.02,9.25,
2014-10-22 03:15,13.82,42.08,97.5,0.03,8.25,
2014-10-22 03:00,13.82,41.96,97.1,0.02,8.65,
2014-10-22 02:45,13.81,42.21,96.3,0.01,8.23,
2014-10-22 02:30,13.81,42.09,96.1,0.01,8.36,
2014-10-22 02:15,13.82,42.21,94.9,0.0,9.56,
2014-10-22 02:00,13.82,42.21,95.7,0.0,8.76,
2014-10-22 01:45,13.82,42.32,95.3,0.0,10.51,
2014-10-22 01:30,13.82,42.2,96.0,0.0,8.39,
2014-10-22 01:15,13.82,42.32,95.5,0.0,9.25,
2014-10-22 01:00,13.81,42.45,95.6,0.0,8.25,
2014-10-22 00:45,13.81,42.69,95.7,0.01,-144.9,
2014-10-22 00:30,13.81,42.69,95.5,0.0,10.51,
2014-10-22 00:15,13.81,42.69,96.4,0.0,8.25,
2014-10-22 00:00,13.81,42.57,96.3,0.0,8.85,
2014-10-21 23:45,13.81,42.69,96.8,0.0,8.05,
2014-10-21 23:30,13.81,42.93,96.7,0.0,7.72,
2014-10-21 23:15,13.81,42.57,97.0,0.0,122.3,
2014-10-21 23:00,13.81,42.7,97.2,0.0,7.96,
2014-10-21 22:45,13.82,42.57,97.5,0.0,7.97,
2014-10-21 22:30,13.82,42.58,97.8,0.0,8.1,
2014-10-21 22:15,13.81,41.84,97.9,0.0,3.6,
2014-10-21 22:00,13.82,41.96,97.6,0.0,8.39,
2014-10-21 21:45,13.81,41.96,97.5,0.0,7.99,
2014-10-21 21:30,13.81,42.57,98.1,0.0,7.78,
2014-10-21 21:15,13.81,42.82,98.3,0.0,7.77,
2014-10-21 21:00,13.81,42.45,98.4,0.0,7.77,
2014-10-21 20:45,13.81,42.45,98.6,0.0,9.65,
2014-10-21 20:30,13.81,40.38,97.3,0.0,8.59,
2014-10-21 20:15,13.81,40.62,97.1,0.0,8.59,
2014-10-21 20:00,13.81,41.11,97.1,0.0,8.25,
2014-10-21 19:45,13.81,41.23,96.7,0.0,8.39,
2014-10-21 19:30,13.81,42.08,96.9,0.0,7.66,
2014-10-21 19:15,13.82,42.45,96.9,0.0,8.79,
2014-10-21 19:00,13.82,42.81,96.7,0.0,8.12,
2014-10-21 18:45,13.81,43.3,96.1,0.0,2.004,
2014-10-21 18:30,13.81,43.9,96.6,0.0,8.12,
2014-10-21 18:15,13.82,44.15,96.8,0.0,8.12,
2014-10-21 18:00,13.82,44.39,96.7,0.0,8.25,
2014-10-21 17:45,13.81,44.27,96.9,0.0,8.92,
2014-10-21 17:30,13.81,44.63,97.0,0.0,8.12,
2014-10-21 17:15,13.81,44.39,97.0,0.0,7.99,
2014-10-21 17:00,13.82,44.63,96.9,0.0,9.52,
2014-10-21 16:45,13.82,44.63,96.6,0.0,7.99,
2014-10-21 16:30,13.82,44.27,96.5,0.0,7.99,
2014-10-21 16:15,13.81,44.63,96.3,0.0,7.86,
2014-10-21 16:00,13.82,44.51,96.1,0.0,7.93,
2014-10-21 15:45,13.82,44.75,96.0,0.0,7.61,
2014-10-21 15:30,13.81,44.98,96.3,0.0,7.49,
2014-10-21 15:15,13.81,45.11,95.0,0.0,8.69,
2014-10-21 15:00,13.81,45.23,94.7,0.01,-145.6,
2014-10-21 14:45,13.81,45.59,95.2,0.0,8.23,
2014-10-21 14:30,13.81,45.96,95.8,0.0,8.42,
2014-10-21 14:15,13.82,45.84,95.6,0.0,7.83,
2014-10-21 14:00,13.82,45.71,94.6,0.0,7.49,
2014-10-21 13:45,13.81,45.59,94.4,0.01,7.23,
2014-10-21 13:30,13.81,45.59,92.4,0.01,6.564,
2014-10-21 13:15,13.81,45.96,93.4,0.01,7.03,
2014-10-21 13:00,13.81,47.05,93.5,0.0,7.37,
2014-10-21 12:45,13.81,47.04,93.1,0.0,7.91,
2014-10-21 12:30,13.81,47.05,92.0,0.0,9.09,
2014-10-21 12:15,13.81,46.69,92.6,0.0,8.76,
2014-10-21 12:00,13.81,46.93,94.2,0.0,7.49,
2014-10-21 11:45,13.81,46.57,93.3,0.0,7.29,
2014-10-21 11:30,13.81,46.33,96.0,0.0,11.07,
2014-10-21 11:15,13.82,45.6,95.8,0.0,8.13,
2014-10-21 11:00,13.82,45.61,96.5,0.01,1.804,
2014-10-21 10:45,13.81,44.63,96.8,0.02,7.32,
2014-10-21 10:30,13.81,45.24,96.3,0.0,7.72,
2014-10-21 10:15,13.82,45.49,96.7,0.0,7.92,
2014-10-21 10:00,13.81,44.88,96.9,0.0,7.59,
2014-10-21 09:45,13.82,44.63,96.9,0.0,8.12,
2014-10-21 09:30,13.81,44.51,97.2,0.0,8.12,
2014-10-21 09:15,13.83,44.27,97.3,0.0,8.52,
2014-10-21 09:00,13.82,44.76,98.1,0.0,8.12,
2014-10-21 08:45,13.82,44.15,98.0,0.01,8.12,
2014-10-21 08:30,13.82,44.15,98.2,0.0,8.78,
2014-10-21 08:15,13.81,44.03,98.1,0.0,8.37,
2014-10-21 08:00,13.81,43.92,98.0,0.0,8.89,
2014-10-21 07:45,13.81,43.55,98.2,0.01,9.04,
2014-10-21 07:30,13.81,43.43,98.4,0.01,9.3,
2014-10-21 07:15,13.81,43.42,98.4,0.01,7.78,
2014-10-21 07:00,13.82,43.18,98.2,0.02,7.71,
2014-10-21 06:45,13.81,43.42,98.3,0.02,7.72,
2014-10-21 06:30,13.82,43.18,98.2,0.03,8.18,
2014-10-21 06:15,13.82,43.3,98.1,0.02,1.983,
2014-10-21 06:00,13.81,43.05,98.1,0.01,8.52,
2014-10-21 05:45,13.82,42.81,98.1,0.0,8.18,
2014-10-21 05:30,13.81,42.82,98.0,0.02,7.77,
2014-10-21 05:15,13.82,43.06,97.9,0.02,7.04,
2014-10-21 05:00,13.82,43.18,97.8,0.01,9.03,
2014-10-21 04:45,13.82,43.42,97.9,0.03,8.77,
2014-10-21 04:30,13.82,43.42,98.0,0.02,8.51,
2014-10-21 04:15,13.81,43.3,97.9,0.01,2.531,
2014-10-21 04:00,13.81,43.3,97.7,0.01,8.52,
2014-10-21 03:45,13.82,43.42,97.9,0.01,8.38,
2014-10-21 03:30,13.81,43.06,97.8,0.0,8.5,
2014-10-21 03:15,13.81,43.06,97.5,0.0,9.43,
2014-10-21 03:00,13.81,43.06,97.5,0.0,8.5,
2014-10-21 02:45,13.81,43.31,97.5,0.0,8.56,
2014-10-21 02:30,13.81,43.18,97.7,0.0,8.36,
2014-10-21 02:15,13.82,43.18,97.8,0.01,8.12,
2014-10-21 02:00,13.82,43.05,97.9,0.01,8.39,
2014-10-21 01:45,13.81,43.05,97.8,0.0,8.39,
2014-10-21 01:30,13.81,43.05,97.7,0.0,8.39,
2014-10-21 01:15,13.81,43.18,97.3,0.0,8.39,
2014-10-21 01:00,13.82,43.3,97.6,0.0,8.45,
2014-10-21 00:45,13.82,43.54,97.7,0.0,3.068,
2014-10-21 00:30,13.81,43.54,97.6,0.0,23.28,
2014-10-21 00:15,13.81,43.78,97.9,0.0,8.39,
2014-10-21 00:00,13.82,44.15,98.0,0.0,8.32,
2014-10-20 23:45,13.81,44.39,98.0,0.0,8.32,
2014-10-20 23:30,13.81,44.15,97.9,0.0,8.32,
2014-10-20 23:15,13.81,44.03,97.9,0.0,10.45,
2014-10-20 23:00,13.82,44.27,97.8,0.0,8.12,
2014-10-20 22:45,13.81,44.51,98.1,0.0,9.45,
2014-10-20 22:30,13.82,44.63,97.9,0.0,3.334,
2014-10-20 22:15,13.82,44.51,98.0,0.0,10.25,
2014-10-20 22:00,13.81,44.76,97.6,0.0,8.25,
2014-10-20 21:45,13.81,44.63,97.6,0.0,9.32,
2014-10-20 21:30,13.81,44.76,97.5,0.0,8.79,
2014-10-20 21:15,13.82,44.88,97.6,0.0,8.25,
2014-10-20 21:00,13.82,45.0,97.7,0.0,8.32,
2014-10-20 20:45,13.82,44.76,97.5,0.0,8.32,
2014-10-20 20:30,13.81,44.88,97.2,0.0,9.45,
2014-10-20 20:15,13.81,45.24,97.8,0.0,8.25,
2014-10-20 20:00,13.81,45.24,97.6,0.0,8.12,
2014-10-20 19:45,13.81,45.36,97.5,0.0,8.25,
2014-10-20 19:30,13.82,45.61,97.4,0.0,3.069,
2014-10-20 19:15,13.82,45.73,97.8,0.0,8.32,
2014-10-20 19:00,13.82,45.97,97.9,0.0,2.419,
2014-10-20 18:45,13.81,46.08,97.5,0.0,8.16,
2014-10-20 18:30,13.82,46.44,97.3,0.0,8.16,
2014-10-20 18:15,13.81,46.57,97.3,0.0,8.23,
2014-10-20 18:00,13.82,46.69,97.2,0.0,8.23,
2014-10-20 17:45,13.81,46.93,97.3,0.0,9.29,
2014-10-20 17:30,13.81,46.93,97.4,0.0,8.89,
2014-10-20 17:15,13.81,47.05,96.9,0.0,2.043,
2014-10-20 17:00,13.81,47.29,97.1,0.0,8.16,
2014-10-20 16:45,13.81,47.66,97.1,0.0,8.16,
2014-10-20 16:30,13.81,47.54,97.0,0.0,7.69,
2014-10-20 16:15,13.82,47.54,96.6,0.0,7.9,
2014-10-20 16:00,13.81,48.39,97.7,0.0,8.1,
2014-10-20 15:45,13.81,48.02,97.4,0.01,8.05,
2014-10-20 15:30,13.81,48.13,97.5,0.02,8.13,
2014-10-20 15:15,13.81,48.13,97.3,0.0,8.2,
2014-10-20 15:00,13.81,48.13,97.3,0.0,8.4,
2014-10-20 14:45,13.81,48.01,97.4,0.0,8.2,
2014-10-20 14:30,13.81,48.25,97.1,0.0,8.06,
2014-10-20 14:15,13.81,48.74,97.0,0.0,8.46,
2014-10-20 14:00,13.81,48.98,97.4,0.02,7.53,
2014-10-20 13:45,13.81,49.1,97.2,0.0,8.99,
2014-10-20 13:30,13.81,49.23,97.2,0.01,7.8,
2014-10-20 13:15,13.81,49.1,96.8,0.0,7.93,
2014-10-20 13:00,13.81,49.47,96.3,0.0,7.66,
2014-10-20 12:45,13.81,49.83,95.9,0.0,8.99,
2014-10-20 12:30,13.81,49.47,97.0,0.0,7.86,
2014-10-20 12:15,13.81,48.86,96.4,0.01,7.86,
2014-10-20 12:00,13.82,48.74,94.8,0.03,7.47,
2014-10-20 11:45,13.81,50.44,93.7,0.0,8.2,
2014-10-20 11:30,13.81,51.29,95.9,0.0,7.47,
2014-10-20 11:15,13.82,51.41,94.7,0.0,8.6,
2014-10-20 11:00,13.81,51.29,96.4,0.0,7.53,
2014-10-20 10:45,13.81,50.44,95.7,0.0,9.39,
2014-10-20 10:30,13.81,50.93,95.2,0.0,7.66,
2014-10-20 10:15,13.81,51.78,94.5,0.0,8.06,
2014-10-20 10:00,13.81,50.56,97.5,0.0,9.06,
2014-10-20 09:45,13.81,49.96,97.1,0.0,6.989,
2014-10-20 09:30,13.81,50.45,97.6,0.0,0.994,
2014-10-20 09:15,13.81,50.82,98.0,0.0,7.23,
2014-10-20 09:00,13.81,49.72,98.1,0.0,6.704,
2014-10-20 08:45,13.81,49.12,97.9,0.0,6.563,
2014-10-20 08:30,13.81,49.12,97.9,0.01,6.962,
2014-10-20 08:15,13.81,49.0,97.9,0.0,6.829,
2014-10-20 08:00,13.82,48.88,97.9,0.02,6.231,
2014-10-20 07:45,13.82,48.75,98.1,0.04,5.034,
2014-10-20 07:30,13.81,48.63,98.1,0.05,7.23,
2014-10-20 07:15,13.81,49.0,98.1,0.02,6.563,
2014-10-20 07:00,13.81,48.88,98.1,0.0,7.49,
2014-10-20 06:45,13.82,48.88,98.1,0.02,6.43,
2014-10-20 06:30,13.81,48.75,98.0,0.02,7.1,
2014-10-20 06:15,13.81,48.88,98.1,0.01,0.713,
2014-10-20 06:00,13.82,48.88,98.1,0.01,5.765,
2014-10-20 05:45,13.81,48.75,98.2,0.0,0.912,
2014-10-20 05:30,13.81,48.88,98.0,0.0,7.36,
2014-10-20 05:15,13.81,48.75,98.1,0.0,4.833,
2014-10-20 05:00,13.81,48.76,97.7,0.0,6.958,
2014-10-20 04:45,13.81,49.0,97.7,0.03,5.563,
2014-10-20 04:30,13.81,48.76,97.9,0.0,-42.64,
2014-10-20 04:15,13.81,48.51,97.8,0.01,1.504,
2014-10-20 04:00,13.82,48.51,97.6,0.0,6.955,
2014-10-20 03:45,13.81,48.27,97.5,0.0,6.685,
2014-10-20 03:30,13.81,48.4,97.9,0.0,8.14,
2014-10-20 03:15,13.81,47.8,97.5,0.01,6.991,
2014-10-20 03:00,13.82,47.67,97.6,0.0,9.05,
2014-10-20 02:45,13.81,47.55,97.6,0.01,7.86,
2014-10-20 02:30,13.81,47.07,97.6,0.0,7.72,
2014-10-20 02:15,13.81,47.07,97.5,0.0,4.797,
2014-10-20 02:00,13.81,46.82,97.3,0.0,5.993,
2014-10-20 01:45,13.81,46.82,97.6,0.0,4.797,
2014-10-20 01:30,13.81,46.34,97.6,0.0,6.126,
2014-10-20 01:15,13.81,45.97,97.3,0.0,4.996,
2014-10-20 01:00,13.81,45.73,97.6,0.0,6.193,
2014-10-20 00:45,13.81,45.73,97.2,0.0,4.93,
2014-10-20 00:30,13.81,45.73,97.4,0.0,4.996,
2014-10-20 00:15,13.81,45.49,97.6,0.0,5.528,
2014-10-20 00:00,13.82,45.36,97.2,0.0,6.193,
2014-10-19 23:45,13.82,45.24,97.1,0.0,-40.55,
2014-10-19 23:30,13.81,45.36,97.3,0.0,5.993,
2014-10-19 23:15,13.81,45.0,96.9,0.0,6.459,
2014-10-19 23:00,13.81,45.49,97.1,0.0,7.72,
2014-10-19 22:45,13.81,45.36,97.2,0.0,9.58,
2014-10-19 22:30,13.81,45.36,97.1,0.0,7.32,
2014-10-19 22:15,13.81,45.36,96.8,0.0,6.392,
2014-10-19 22:00,13.82,45.85,96.5,0.0,7.86,
2014-10-19 21:45,13.81,46.09,96.7,0.0,7.99,
2014-10-19 21:30,13.82,46.34,97.3,0.0,7.59,
2014-10-19 21:15,13.81,46.34,97.5,0.0,7.72,
2014-10-19 21:00,13.81,46.21,96.9,0.0,7.86,
2014-10-19 20:45,13.81,46.82,97.3,0.0,9.65,
2014-10-19 20:30,13.81,46.94,96.8,0.0,8.13,
2014-10-19 20:15,13.81,47.05,97.0,0.0,9.48,
2014-10-19 20:00,13.81,47.54,97.4,0.0,6.423,
2014-10-19 19:45,13.81,47.54,96.8,0.0,9.62,
2014-10-19 19:30,13.81,47.78,96.7,0.0,8.82,
2014-10-19 19:15,13.81,48.02,96.5,0.0,5.766,
2014-10-19 19:00,13.81,48.39,96.8,0.0,7.36,
2014-10-19 18:45,13.81,48.51,96.5,0.0,5.375,
2014-10-19 18:30,13.82,48.86,96.8,0.0,7.72,
2014-10-19 18:15,13.81,49.35,96.6,0.0,6.203,
2014-10-19 18:00,13.81,49.71,96.1,0.0,6.934,
2014-10-19 17:45,13.81,50.2,95.5,0.0,5.538,
2014-10-19 17:30,13.81,50.56,95.4,0.0,6.203,
2014-10-19 17:15,13.81,50.93,96.1,0.0,6.468,
2014-10-19 17:00,13.81,51.05,95.8,0.0,6.468,
2014-10-19 16:45,13.81,52.02,94.7,0.0,9.73,
2014-10-19 16:30,13.8,52.14,95.4,0.0,6.468,
2014-10-19 16:15,13.81,52.26,95.5,0.0,6.735,
2014-10-19 16:00,13.81,52.39,95.1,0.0,7.67,
2014-10-19 15:45,13.81,52.87,94.4,0.0,6.271,
2014-10-19 15:30,13.81,52.99,94.2,0.0,7.67,
2014-10-19 15:15,13.81,52.5,94.7,0.0,7.55,
2014-10-19 15:00,13.81,52.86,93.9,0.0,9.22,
2014-10-19 14:45,13.81,52.86,94.3,0.0,8.63,
2014-10-19 14:30,13.81,53.34,94.7,0.0,-145.0,
2014-10-19 14:15,13.81,53.22,95.9,0.0,8.1,
2014-10-19 14:00,13.8,52.98,95.3,0.0,7.44,
2014-10-19 13:45,13.81,52.86,95.1,0.0,9.5,
2014-10-19 13:30,13.8,53.22,92.2,0.0,8.04,
2014-10-19 13:15,13.8,53.09,92.5,0.0,8.65,
2014-10-19 13:00,13.81,52.84,91.3,0.0,10.0,
2014-10-19 12:45,13.81,53.2,90.9,0.0,7.88,
2014-10-19 12:30,13.8,53.56,89.1,0.0,9.09,
2014-10-19 12:15,13.8,53.55,89.6,0.0,8.18,
2014-10-19 12:00,13.8,52.95,89.2,0.0,8.91,
2014-10-19 11:45,13.8,53.07,88.1,0.0,8.17,
2014-10-19 11:30,13.81,54.17,86.0,0.0,6.972,
2014-10-19 11:15,13.8,53.57,87.1,0.0,-0.288,
2014-10-19 11:00,13.8,54.3,85.5,0.0,6.336,
2014-10-19 10:45,13.81,53.95,85.6,0.0,5.986,
2014-10-19 10:30,13.81,52.74,89.8,0.0,5.966,
2014-10-19 10:15,13.81,51.89,91.6,0.0,8.87,
2014-10-19 10:00,13.81,51.17,93.1,0.0,5.471,
2014-10-19 09:45,13.81,50.93,94.5,0.0,5.471,
2014-10-19 09:30,13.81,50.2,96.8,0.0,9.79,
2014-10-19 09:15,13.81,50.68,96.2,0.0,5.471,
2014-10-19 09:00,13.81,50.81,96.8,0.0,6.867,
2014-10-19 08:45,13.81,50.44,97.3,0.0,6.07,
2014-10-19 08:30,13.8,49.95,97.7,0.0,6.867,
2014-10-19 08:15,13.81,49.59,98.0,0.0,7.27,
2014-10-19 08:00,13.81,49.23,98.1,0.0,4.873,
2014-10-19 07:45,13.81,48.74,98.0,0.0,6.867,
2014-10-19 07:30,13.81,48.62,97.9,0.0,8.0,
2014-10-19 07:15,13.81,48.25,98.0,0.0,10.06,
2014-10-19 07:00,13.81,48.01,97.7,0.0,9.73,
2014-10-19 06:45,13.81,48.25,97.9,0.0,8.06,
2014-10-19 06:30,13.81,48.37,98.0,0.0,8.6,
2014-10-19 06:15,13.81,48.37,97.8,0.0,5.937,
2014-10-19 06:00,13.81,48.62,97.9,0.0,7.53,
2014-10-19 05:45,13.81,48.98,98.1,0.0,7.27,
2014-10-19 05:30,13.81,48.86,97.9,0.0,5.737,
2014-10-19 05:15,13.81,48.98,97.9,0.0,7.07,
2014-10-19 05:00,13.81,48.98,97.9,0.0,5.937,
2014-10-19 04:45,13.81,49.35,97.8,0.0,7.86,
2014-10-19 04:30,13.81,49.47,97.7,0.0,7.93,
2014-10-19 04:15,13.81,49.95,98.0,0.0,7.27,
2014-10-19 04:00,13.81,49.83,98.2,0.0,9.79,
2014-10-19 03:45,13.79,49.59,98.0,0.0,4.873,
2014-10-19 03:30,13.8,49.59,97.9,0.0,7.07,
2014-10-19 03:15,13.81,49.71,98.1,0.0,8.73,
2014-10-19 03:00,13.8,49.71,98.2,0.0,9.13,
2014-10-19 02:45,13.81,49.59,98.1,0.0,9.39,
2014-10-19 02:30,13.8,49.71,98.1,0.0,8.33,
2014-10-19 02:15,13.81,49.47,98.1,0.0,9.26,
2014-10-19 02:00,13.81,49.47,98.1,0.0,8.33,
2014-10-19 01:45,13.8,49.1,98.1,0.0,7.27,
2014-10-19 01:30,13.81,49.35,97.9,0.0,6.866,
2014-10-19 01:15,13.81,49.59,97.9,0.0,5.668,
2014-10-19 01:00,13.81,49.72,98.2,0.0,7.79,
2014-10-19 00:45,13.8,49.72,98.3,0.0,4.976,
2014-10-19 00:30,13.81,49.85,98.5,0.0,2.775,
2014-10-19 00:15,13.81,49.73,98.5,0.0,6.3,
2014-10-19 00:00,13.81,49.84,98.5,0.0,5.375,
2014-10-18 23:45,13.81,49.84,97.9,0.0,6.573,
2014-10-18 23:30,13.81,49.97,97.9,0.0,7.29,
2014-10-18 23:15,13.81,49.73,98.1,0.0,-144.9,
2014-10-18 23:00,13.81,49.85,98.3,0.0,7.23,
2014-10-18 22:45,13.81,49.48,97.7,0.0,21.52,
2014-10-18 22:30,13.81,49.24,97.9,0.0,10.82,
2014-10-18 22:15,13.81,49.24,97.5,0.0,8.1,
2014-10-18 22:00,13.81,49.23,97.7,0.0,-43.08,
2014-10-18 21:45,13.82,49.11,97.6,0.0,-144.9,
2014-10-18 21:30,13.81,49.11,97.3,0.0,20.94,
2014-10-18 21:15,13.81,49.36,97.4,0.0,5.768,
2014-10-18 21:00,13.82,49.12,97.6,0.0,1.786,
2014-10-18 20:45,13.82,48.99,97.6,0.0,-43.15,
2014-10-18 20:30,13.81,49.23,97.4,0.0,5.934,
2014-10-18 20:15,13.81,49.11,97.3,0.0,6.128,
2014-10-18 20:00,13.81,49.35,97.2,0.0,6.203,
2014-10-18 19:45,13.81,49.47,97.5,0.0,-144.9,
2014-10-18 19:30,13.81,49.59,97.5,0.0,5.073,
2014-10-18 19:15,13.81,49.59,97.7,0.0,-43.05,
2014-10-18 19:00,13.82,49.59,97.6,0.0,6.801,
2014-10-18 18:45,13.81,49.47,97.5,0.0,7.13,
2014-10-18 18:30,13.81,49.47,97.7,0.0,-43.18,
2014-10-18 18:15,13.82,49.35,97.4,0.0,226.7,
2014-10-18 18:00,13.81,49.34,97.5,0.0,21.5,
2014-10-18 17:45,13.82,49.34,97.4,0.0,-43.63,
2014-10-18 17:30,13.81,49.7,96.8,0.0,7.44,
2014-10-18 17:15,13.81,50.18,96.2,0.0,8.57,
2014-10-18 17:00,13.8,51.15,96.7,0.0,5.71,
2014-10-18 16:45,13.8,52.13,96.7,0.0,6.642,
2014-10-18 16:30,13.8,52.85,96.4,0.0,4.188,
2014-10-18 16:15,13.81,53.33,96.3,0.0,6.071,
2014-10-18 16:00,13.8,53.81,96.0,0.0,4.02,
2014-10-18 15:45,13.8,53.93,96.2,0.0,4.883,
2014-10-18 15:30,13.8,54.3,96.3,0.0,5.481,
2014-10-18 15:15,13.81,54.42,95.8,0.0,7.08,
2014-10-18 15:00,13.8,54.54,96.3,0.0,7.14,
2014-10-18 14:45,13.8,54.66,96.5,0.0,6.077,
2014-10-18 14:30,13.8,54.67,96.5,0.0,7.73,
2014-10-18 14:15,13.81,53.82,97.1,0.0,9.78,
2014-10-18 14:00,13.81,53.1,97.2,0.0,6.44,
2014-10-18 13:45,13.82,52.37,96.6,0.0,6.041,
2014-10-18 13:30,13.81,52.49,95.7,0.0,6.44,
2014-10-18 13:15,13.81,52.25,96.2,0.0,6.506,
2014-10-18 13:00,13.81,51.28,96.0,0.0,6.639,
2014-10-18 12:45,13.81,51.4,95.9,0.0,7.43,
2014-10-18 12:30,13.81,51.77,97.0,0.0,5.567,
2014-10-18 12:15,13.82,51.29,96.9,0.0,6.878,
2014-10-18 12:00,13.81,50.32,97.7,0.0,8.53,
2014-10-18 11:45,13.81,49.23,97.0,0.0,5.537,
2014-10-18 11:30,13.81,49.35,97.0,0.0,9.33,
2014-10-18 11:15,13.81,49.47,96.9,0.0,6.199,
2014-10-18 11:00,13.81,48.86,97.2,0.0,7.32,
2014-10-18 10:45,13.81,48.63,97.5,0.0,6.581,
2014-10-18 10:30,13.82,47.66,98.1,0.01,0.056,
2014-10-18 10:15,13.81,47.05,98.1,0.01,4.768,
2014-10-18 10:00,13.82,46.93,98.4,0.0,-0.417,
2014-10-18 09:45,13.82,46.44,98.1,0.01,5.366,
2014-10-18 09:30,13.81,46.2,98.3,0.0,3.105,
2014-10-18 09:15,13.82,46.2,98.1,0.01,16.27,
2014-10-18 09:00,13.81,46.2,98.0,0.01,3.771,
2014-10-18 08:45,13.81,46.2,98.3,0.01,6.031,
2014-10-18 08:30,13.81,46.08,98.2,0.0,14.41,
2014-10-18 08:15,13.81,45.84,98.4,0.02,7.49,
2014-10-18 08:00,13.81,45.6,98.1,0.03,8.14,
2014-10-18 07:45,13.82,46.09,98.4,0.01,-41.15,
2014-10-18 07:30,13.81,45.73,98.3,0.05,6.06,
2014-10-18 07:15,13.81,45.85,98.1,0.01,8.12,
2014-10-18 07:00,13.81,45.49,98.2,0.01,6.126,
2014-10-18 06:45,13.82,45.49,98.3,0.01,4.863,
2014-10-18 06:30,13.8,45.49,98.3,0.0,7.06,
2014-10-18 06:15,13.81,45.36,98.4,0.02,6.126,
2014-10-18 06:00,13.81,45.36,98.5,0.01,6.525,
2014-10-18 05:45,13.81,45.36,98.3,0.0,11.65,
2014-10-18 05:30,13.81,45.24,98.2,0.01,6.525,
2014-10-18 05:15,13.81,45.24,98.2,0.01,7.32,
2014-10-18 05:00,13.81,45.24,98.3,0.01,6.392,
2014-10-18 04:45,13.81,45.24,98.5,0.0,6.658,
2014-10-18 04:30,13.81,45.0,98.2,0.02,8.72,
2014-10-18 04:15,13.81,45.12,98.4,0.0,8.32,
2014-10-18 04:00,13.81,45.12,98.6,0.0,7.72,
2014-10-18 03:45,13.81,44.88,98.3,0.0,6.791,
2014-10-18 03:30,13.81,44.88,98.3,0.0,6.392,
2014-10-18 03:15,13.81,45.0,98.2,0.0,4.198,
2014-10-18 03:00,13.81,44.76,98.2,0.0,6.858,
2014-10-18 02:45,13.82,44.88,98.2,0.0,6.658,
2014-10-18 02:30,13.81,44.88,98.3,0.01,7.99,
2014-10-18 02:15,13.81,44.88,98.5,0.01,5.196,
2014-10-18 02:00,13.81,44.88,98.1,0.0,6.062,
2014-10-18 01:45,13.82,44.88,98.3,0.02,7.2,
2014-10-18 01:30,13.81,44.88,98.2,0.02,7.59,
2014-10-18 01:15,13.82,44.76,98.1,0.02,6.06,
2014-10-18 01:00,13.82,44.76,97.8,0.01,5.727,
2014-10-18 00:45,13.81,44.88,97.8,0.03,7.92,
2014-10-18 00:30,13.81,44.88,97.8,0.05,8.12,
2014-10-18 00:15,13.81,44.76,97.8,0.04,7.19,
2014-10-18 00:00,13.81,44.88,97.8,0.04,8.12,
2014-10-17 23:45,13.81,44.88,98.2,0.02,7.32,
2014-10-17 23:30,13.81,44.88,98.0,0.03,7.72,
2014-10-17 23:15,13.81,44.63,98.2,0.01,8.79,
2014-10-17 23:00,13.81,44.63,97.9,0.02,7.19,
2014-10-17 22:45,13.81,44.63,98.0,0.04,6.658,
2014-10-17 22:30,13.8,44.51,98.2,0.02,6.658,
2014-10-17 22:15,13.81,44.76,98.2,0.03,6.459,
2014-10-17 22:00,13.81,44.51,98.3,0.03,6.924,
2014-10-17 21:45,13.81,44.51,98.4,0.01,7.06,
2014-10-17 21:30,13.81,44.27,98.6,0.03,9.05,
2014-10-17 21:15,13.82,44.27,98.4,0.02,6.658,
2014-10-17 21:00,13.81,44.39,98.5,0.04,8.72,
2014-10-17 20:45,13.81,44.27,98.4,0.05,6.392,
2014-10-17 20:30,13.81,44.27,98.4,0.05,9.05,
2014-10-17 20:15,13.81,44.39,98.3,0.05,11.18,
2014-10-17 20:00,13.82,44.39,98.3,0.03,21.82,
2014-10-17 19:45,13.82,44.27,98.5,0.04,7.99,
2014-10-17 19:30,13.81,44.15,98.3,0.04,7.99,
2014-10-17 19:15,13.82,44.27,98.4,0.05,6.658,
2014-10-17 19:00,13.82,43.9,98.4,0.04,8.52,
2014-10-17 18:45,13.81,43.78,98.2,0.03,9.12,
2014-10-17 18:30,13.81,43.78,98.3,0.03,6.658,
2014-10-17 18:15,13.81,43.78,98.2,0.05,8.52,
2014-10-17 18:00,13.82,44.03,98.0,0.04,9.52,
2014-10-17 17:45,13.81,43.66,97.8,0.04,7.59,
2014-10-17 17:30,13.81,43.78,97.9,0.05,8.12,
2014-10-17 17:15,13.82,44.03,97.8,0.05,11.05,
2014-10-17 17:00,13.81,43.9,97.8,0.05,10.12,
2014-10-17 16:45,13.81,44.15,97.8,0.03,6.525,
2014-10-17 16:30,13.81,44.03,97.4,0.04,7.19,
2014-10-17 16:15,13.81,44.15,97.5,0.04,0.674,
2014-10-17 16:00,13.81,44.39,97.3,0.03,7.99,
2014-10-17 15:45,13.82,44.27,97.4,0.03,6.126,
2014-10-17 15:30,13.82,44.39,97.1,0.02,7.86,
2014-10-17 15:15,13.81,44.63,96.7,0.02,7.59,
2014-10-17 15:00,13.81,44.39,96.8,0.02,7.73,
2014-10-17 14:45,13.81,44.51,96.4,0.01,9.73,
2014-10-17 14:30,13.82,44.63,96.3,0.0,9.47,
2014-10-17 14:15,13.81,44.62,96.3,0.01,8.01,
2014-10-17 14:00,13.81,44.62,96.4,0.01,9.36,
2014-10-17 13:45,13.81,44.5,96.3,0.0,22.92,
2014-10-17 13:30,13.81,44.38,96.2,0.01,1.846,
2014-10-17 13:15,13.81,44.5,95.5,0.01,9.76,
2014-10-17 13:00,13.81,44.37,95.3,0.0,1.659,
2014-10-17 12:45,13.81,44.38,95.4,0.01,7.76,
2014-10-17 12:30,13.81,44.13,96.7,0.0,6.696,
2014-10-17 12:15,13.81,44.01,96.0,0.0,25.18,
2014-10-17 12:00,13.81,43.77,96.0,0.0,8.09,
2014-10-17 11:45,13.81,43.89,96.9,0.0,7.22,
2014-10-17 11:30,13.82,43.65,96.1,0.0,7.07,
2014-10-17 11:15,13.81,43.66,96.7,0.0,6.791,
2014-10-17 11:00,13.82,43.42,96.0,0.0,7.52,
2014-10-17 10:45,13.81,43.78,95.6,0.0,1.605,
2014-10-17 10:30,13.81,43.42,96.1,0.0,8.39,
2014-10-17 10:15,13.81,43.18,96.3,0.01,7.59,
2014-10-17 10:00,13.81,42.93,96.0,0.0,7.12,
2014-10-17 09:45,13.81,42.93,95.7,0.0,8.39,
2014-10-17 09:30,13.81,42.93,95.7,0.01,7.06,
2014-10-17 09:15,13.81,42.57,96.0,0.0,6.791,
2014-10-17 09:00,13.82,42.45,96.2,0.01,9.58,
2014-10-17 08:45,13.81,42.08,96.2,0.01,9.05,
2014-10-17 08:30,13.81,42.69,95.3,0.01,7.32,
2014-10-17 08:15,13.81,42.81,95.7,0.0,7.72,
2014-10-17 08:00,13.81,42.69,96.0,0.01,9.45,
2014-10-17 07:45,13.81,42.57,96.6,0.0,7.32,
2014-10-17 07:30,13.81,42.57,95.7,0.01,7.26,
2014-10-17 07:15,13.81,42.2,95.7,0.0,11.38,
2014-10-17 07:00,13.81,42.32,95.1,0.02,9.58,
2014-10-17 06:45,13.81,42.32,94.6,0.01,9.58,
2014-10-17 06:30,13.81,42.57,93.2,0.01,9.52,
2014-10-17 06:15,13.81,42.57,93.0,0.0,7.52,
2014-10-17 06:00,13.82,42.69,92.4,0.01,9.38,
2014-10-17 05:45,13.81,42.69,92.3,0.0,7.86,
2014-10-17 05:30,13.81,42.45,94.8,0.0,2.403,
2014-10-17 05:15,13.81,42.32,93.6,0.0,9.52,
2014-10-17 05:00,13.81,42.57,93.0,0.0,11.04,
2014-10-17 04:45,13.81,42.45,92.8,0.0,10.58,
2014-10-17 04:30,13.82,42.33,93.2,0.0,9.71,
2014-10-17 04:15,13.82,42.21,92.9,0.0,10.69,
2014-10-17 04:00,13.82,42.33,92.4,0.0,9.7,
2014-10-17 03:45,13.82,42.33,91.6,0.0,9.7,
2014-10-17 03:30,13.81,41.6,93.0,0.0,3.306,
2014-10-17 03:15,13.81,41.73,93.0,0.0,9.56,
2014-10-17 03:00,13.81,41.85,92.2,0.0,9.62,
2014-10-17 02:45,13.82,41.85,91.7,0.0,9.42,
2014-10-17 02:30,13.81,41.73,91.8,0.0,9.35,
2014-10-17 02:15,13.81,41.6,91.9,0.0,2.182,
2014-10-17 02:00,13.82,41.6,92.8,0.0,8.85,
2014-10-17 01:45,13.82,41.6,92.6,0.0,9.37,
2014-10-17 01:30,13.81,41.85,91.8,0.0,9.3,
2014-10-17 01:15,13.81,41.6,92.1,0.0,-38.72,
2014-10-17 01:00,13.81,41.84,91.3,0.0,9.44,
2014-10-17 00:45,13.81,41.6,92.5,0.0,2.397,
2014-10-17 00:30,13.81,41.23,92.4,0.0,9.58,
2014-10-17 00:15,13.81,40.99,91.5,0.0,8.78,
2014-10-17 00:00,13.81,41.72,89.8,0.0,7.59,
2014-10-16 23:45,13.81,42.32,88.6,0.0,9.25,
2014-10-16 23:30,13.81,43.3,86.9,0.0,2.137,
2014-10-16 23:15,13.81,42.57,87.9,0.0,9.32,
2014-10-16 23:00,13.81,42.2,89.0,0.0,9.18,
2014-10-16 22:45,13.81,42.81,87.7,0.0,-39.69,
2014-10-16 22:30,13.81,44.03,85.2,0.0,6.658,
2014-10-16 22:15,13.81,43.18,88.2,0.0,7.26,
2014-10-16 22:00,13.82,43.18,89.0,0.0,5.461,
2014-10-16 21:45,13.82,44.63,85.1,0.0,6.126,
2014-10-16 21:30,13.82,44.76,84.4,0.0,7.99,
2014-10-16 21:15,13.82,45.12,84.7,0.0,6.525,
2014-10-16 21:00,13.82,45.85,78.3,0.0,8.32,
2014-10-16 20:45,13.82,46.22,78.6,0.0,-144.9,
2014-10-16 20:30,13.81,46.34,77.8,0.0,8.51,
2014-10-16 20:15,13.82,42.32,94.2,0.0,8.59,
2014-10-16 20:00,13.82,42.57,94.3,0.0,8.19,
2014-10-16 19:45,13.81,42.2,94.2,0.0,9.72,
2014-10-16 19:30,13.81,41.96,93.6,0.0,8.39,
2014-10-16 19:15,13.82,42.2,93.5,0.0,9.32,
2014-10-16 19:00,13.82,41.96,94.7,0.0,8.19,
2014-10-16 18:45,13.81,42.2,94.6,0.0,8.39,
2014-10-16 18:30,13.82,42.08,94.0,0.0,9.32,
2014-10-16 18:15,13.81,42.56,93.2,0.0,8.13,
2014-10-16 18:00,13.82,42.92,92.4,0.0,8.15,
2014-10-16 17:45,13.82,43.4,91.0,0.0,8.56,
2014-10-16 17:30,13.81,43.77,91.1,0.0,9.49,
2014-10-16 17:15,13.81,44.5,90.6,0.0,2.448,
2014-10-16 17:00,13.82,44.98,90.2,0.0,7.78,
2014-10-16 16:45,13.81,45.7,89.8,0.0,8.93,
2014-10-16 16:30,13.81,46.55,88.7,0.0,9.92,
2014-10-16 16:15,13.81,47.64,87.5,0.0,9.46,
2014-10-16 16:00,13.81,47.77,85.8,0.0,9.26,
2014-10-16 15:45,13.81,47.64,85.3,0.0,25.15,
2014-10-16 15:30,13.81,47.89,84.4,0.0,11.0,
2014-10-16 15:15,13.81,48.12,83.5,0.0,9.09,
2014-10-16 15:00,13.81,47.51,87.8,0.0,8.64,
2014-10-16 14:45,13.8,47.63,84.6,0.0,10.04,
2014-10-16 14:30,13.81,48.1,84.1,0.0,10.26,
2014-10-16 14:15,13.81,47.49,88.8,0.0,9.21,
2014-10-16 14:00,13.81,48.82,80.8,0.0,8.17,
2014-10-16 13:45,13.81,49.42,82.3,0.0,9.11,
2014-10-16 13:30,13.8,50.39,78.7,0.0,8.59,
2014-10-16 13:15,13.81,49.9,79.2,0.0,8.47,
2014-10-16 13:00,13.8,49.16,82.9,0.0,7.68,
2014-10-16 12:45,13.81,50.5,77.2,0.0,7.42,
2014-10-16 12:30,13.8,51.23,74.2,0.0,10.07,
2014-10-16 12:15,13.8,51.11,78.1,0.0,6.551,
2014-10-16 12:00,13.81,50.02,82.5,0.0,6.61,
2014-10-16 11:45,13.81,50.03,80.9,0.0,7.78,
2014-10-16 11:30,13.8,49.43,84.5,0.0,7.42,
2014-10-16 11:15,13.8,48.96,87.7,0.0,8.38,
2014-10-16 11:00,13.81,49.95,83.1,0.0,8.07,
2014-10-16 10:45,13.81,48.02,85.6,0.0,6.585,
2014-10-16 10:30,13.81,45.71,91.3,0.0,12.54,
2014-10-16 10:15,13.81,43.89,95.0,0.0,9.55,
2014-10-16 10:00,13.81,42.92,95.8,0.0,8.61,
2014-10-16 09:45,13.82,42.81,96.3,0.0,9.86,
2014-10-16 09:30,13.82,42.81,96.3,0.0,9.38,
2014-10-16 09:15,13.81,42.81,97.2,0.0,-39.69,
2014-10-16 09:00,13.82,41.59,97.6,0.0,7.32,
2014-10-16 08:45,13.81,41.6,97.4,0.0,7.39,
2014-10-16 08:30,13.81,41.72,97.7,0.0,8.18,
2014-10-16 08:15,13.82,41.85,97.8,0.0,9.29,
2014-10-16 08:00,13.81,41.36,97.6,0.0,9.55,
2014-10-16 07:45,13.82,41.24,97.9,0.0,7.43,
2014-10-16 07:30,13.81,41.12,97.9,0.0,7.96,
2014-10-16 07:15,13.82,41.12,98.3,0.0,7.75,
2014-10-16 07:00,13.82,40.88,98.2,0.0,7.96,
2014-10-16 06:45,13.81,40.76,98.2,0.0,-38.67,
2014-10-16 06:30,13.82,40.88,98.2,0.0,8.22,
2014-10-16 06:15,13.82,40.63,98.1,0.0,7.69,
2014-10-16 06:00,13.81,40.87,97.8,0.0,7.56,
2014-10-16 05:45,13.81,41.0,97.8,0.01,7.76,
2014-10-16 05:30,13.81,41.0,98.1,0.0,7.82,
2014-10-16 05:15,13.82,41.0,98.0,0.0,7.95,
2014-10-16 05:00,13.82,40.88,97.8,0.0,2.231,
2014-10-16 04:45,13.82,41.24,98.0,0.0,2.231,
2014-10-16 04:30,13.82,41.0,97.8,0.0,7.82,
2014-10-16 04:15,13.82,40.88,98.0,0.0,7.49,
2014-10-16 04:00,13.81,40.75,97.8,0.0,7.56,
2014-10-16 03:45,13.81,40.63,97.8,0.0,1.506,
2014-10-16 03:30,13.81,40.76,97.6,0.0,2.231,
2014-10-16 03:15,13.82,41.0,97.8,0.0,-144.8,
2014-10-16 03:00,13.81,41.0,98.3,0.0,8.35,
2014-10-16 02:45,13.81,40.88,98.0,0.0,2.099,
2014-10-16 02:30,13.82,41.24,97.7,0.0,7.95,
2014-10-16 02:15,13.81,41.36,97.7,0.0,9.42,
2014-10-16 02:00,13.82,41.24,97.7,0.0,7.96,
2014-10-16 01:45,13.81,41.36,97.8,0.0,9.56,
2014-10-16 01:30,13.81,41.12,97.5,0.0,8.37,
2014-10-16 01:15,13.81,41.48,97.5,0.0,9.56,
2014-10-16 01:00,13.81,41.85,97.4,0.0,9.69,
2014-10-16 00:45,13.82,41.97,97.9,0.0,7.84,
2014-10-16 00:30,13.82,42.08,97.8,0.0,9.64,
2014-10-16 00:15,13.81,41.96,97.8,0.0,9.3,
2014-10-16 00:00,13.81,42.08,97.8,0.0,7.85,
2014-10-15 23:45,13.81,42.09,98.0,0.0,8.51,
2014-10-15 23:30,13.82,42.33,97.9,0.0,7.97,
2014-10-15 23:15,13.81,42.21,97.8,0.0,9.64,
2014-10-15 23:00,13.81,42.08,97.8,0.02,8.18,
2014-10-15 22:45,13.81,42.32,97.9,0.0,7.32,
2014-10-15 22:30,13.81,41.96,97.9,0.02,7.59,
2014-10-15 22:15,13.81,41.96,98.0,0.0,7.59,
2014-10-15 22:00,13.82,42.08,98.0,0.0,7.59,
2014-10-15 21:45,13.81,42.2,98.0,0.0,8.85,
2014-10-15 21:30,13.82,42.08,97.8,0.0,8.39,
2014-10-15 21:15,13.81,42.33,97.6,0.01,9.05,
2014-10-15 21:00,13.81,42.2,97.8,0.0,1.734,
2014-10-15 20:45,13.82,42.2,97.8,0.02,7.85,
2014-10-15 20:30,13.82,42.08,97.7,0.0,3.199,
2014-10-15 20:15,13.81,41.96,97.7,0.0,8.92,
2014-10-15 20:00,13.82,41.84,97.6,0.0,8.39,
2014-10-15 19:45,13.81,41.96,97.6,0.0,8.39,
2014-10-15 19:30,13.82,42.08,97.4,0.0,8.52,
2014-10-15 19:15,13.82,42.45,98.0,0.0,8.52,
2014-10-15 19:00,13.81,42.45,97.6,0.0,7.59,
2014-10-15 18:45,13.82,42.57,97.6,0.02,7.86,
2014-10-15 18:30,13.81,42.57,97.2,0.03,10.58,
2014-10-15 18:15,13.81,42.69,97.6,0.0,9.12,
2014-10-15 18:00,13.81,42.57,97.7,0.03,7.19,
2014-10-15 17:45,13.82,42.69,97.7,0.02,7.32,
2014-10-15 17:30,13.81,42.81,97.4,0.0,8.06,
2014-10-15 17:15,13.8,42.93,97.4,0.0,9.72,
2014-10-15 17:00,13.81,42.93,97.2,0.01,8.39,
2014-10-15 16:45,13.81,43.17,96.8,0.0,8.79,
2014-10-15 16:30,13.81,43.17,97.1,0.0,7.93,
2014-10-15 16:15,13.81,43.54,97.1,0.0,8.53,
2014-10-15 16:00,13.81,43.29,97.4,0.0,22.62,
2014-10-15 15:45,13.81,43.17,97.3,0.04,10.12,
2014-10-15 15:30,13.81,43.41,97.3,0.06,7.27,
2014-10-15 15:15,13.81,43.29,96.6,0.01,23.29,
2014-10-15 15:00,13.81,43.41,96.9,0.0,9.21,
2014-10-15 14:45,13.82,43.41,96.8,0.01,7.55,
2014-10-15 14:30,13.82,42.92,97.1,0.03,9.81,
2014-10-15 14:15,13.82,43.04,97.5,0.05,6.957,
2014-10-15 14:00,13.82,42.92,97.5,0.04,8.95,
2014-10-15 13:45,13.81,42.8,97.1,0.04,8.75,
2014-10-15 13:30,13.81,42.68,97.3,0.04,8.55,
2014-10-15 13:15,13.81,43.04,96.5,0.05,9.14,
2014-10-15 13:00,13.81,43.04,96.9,0.04,-144.8,
2014-10-15 12:45,13.81,42.8,96.2,0.04,8.82,
2014-10-15 12:30,13.81,42.43,96.5,0.03,7.89,
2014-10-15 12:15,13.81,42.8,95.4,0.05,10.95,
2014-10-15 12:00,13.81,42.67,95.5,0.04,-40.16,
2014-10-15 11:45,13.81,42.79,95.0,0.03,9.24,
2014-10-15 11:30,13.81,43.15,94.4,0.02,10.06,
2014-10-15 11:15,13.81,43.15,94.2,0.03,11.05,
2014-10-15 11:00,13.81,43.63,90.8,0.03,6.601,
2014-10-15 10:45,13.81,44.85,91.0,0.01,7.27,
2014-10-15 10:30,13.81,45.46,94.9,0.02,6.136,
2014-10-15 10:15,13.81,46.06,94.6,0.03,7.66,
2014-10-15 10:00,13.81,47.16,95.0,0.0,8.4,
2014-10-15 09:45,13.81,46.79,96.2,0.01,6.998,
2014-10-15 09:30,13.81,46.19,95.9,0.01,7.26,
2014-10-15 09:15,13.81,46.56,96.7,0.0,7.37,
2014-10-15 09:00,13.81,45.71,96.7,0.0,7.49,
2014-10-15 08:45,13.81,45.71,97.3,0.0,1.976,
2014-10-15 08:30,13.81,45.59,97.1,0.0,23.98,
2014-10-15 08:15,13.81,45.47,97.1,0.0,8.09,
2014-10-15 08:00,13.81,45.23,97.1,0.01,8.03,
2014-10-15 07:45,13.81,44.86,97.7,0.02,6.696,
2014-10-15 07:30,13.81,44.62,97.6,0.0,9.16,
2014-10-15 07:15,13.81,44.74,97.5,0.0,8.49,
2014-10-15 07:00,13.81,44.62,97.3,0.01,8.09,
2014-10-15 06:45,13.81,44.86,97.1,0.0,8.69,
2014-10-15 06:30,13.81,44.62,97.1,0.0,7.76,
2014-10-15 06:15,13.81,44.74,97.3,0.0,7.43,
2014-10-15 06:00,13.81,44.5,96.9,0.01,9.49,
2014-10-15 05:45,13.81,44.62,96.9,0.0,7.49,
2014-10-15 05:30,13.81,44.74,96.9,0.0,8.95,
2014-10-15 05:15,13.81,44.75,96.6,0.0,10.8,
2014-10-15 05:00,13.82,44.51,96.4,0.0,8.66,
2014-10-15 04:45,13.81,44.39,96.5,0.0,8.66,
2014-10-15 04:30,13.82,44.5,96.6,0.0,9.28,
2014-10-15 04:15,13.81,44.39,96.7,0.0,24.75,
2014-10-15 04:00,13.81,44.51,97.1,0.0,9.65,
2014-10-15 03:45,13.81,44.63,96.6,0.0,11.45,
2014-10-15 03:30,13.81,44.51,96.6,0.0,9.58,
2014-10-15 03:15,13.81,44.76,96.7,0.0,9.92,
2014-10-15 03:00,13.81,44.63,96.7,0.0,7.59,
2014-10-15 02:45,13.81,44.51,96.8,0.0,9.65,
2014-10-15 02:30,13.81,44.76,96.7,0.0,8.05,
2014-10-15 02:15,13.81,44.51,97.0,0.0,8.92,
2014-10-15 02:00,13.82,44.51,97.1,0.0,7.32,
2014-10-15 01:45,13.81,44.39,97.1,0.0,7.46,
2014-10-15 01:30,13.81,44.39,96.9,0.0,7.86,
2014-10-15 01:15,13.81,44.51,96.7,0.0,7.72,
2014-10-15 01:00,13.81,44.39,97.0,0.0,8.52,
2014-10-15 00:45,13.81,44.39,96.8,0.0,7.92,
2014-10-15 00:30,13.81,44.51,96.9,0.01,7.99,
2014-10-15 00:15,13.81,44.63,96.9,0.0,7.19,
2014-10-15 00:00,13.81,44.76,96.7,0.01,9.78,
2014-10-14 23:45,13.81,44.39,96.7,0.0,11.98,
2014-10-14 23:30,13.81,44.39,96.5,0.0,9.58,
2014-10-14 23:15,13.81,44.63,96.1,0.0,9.18,
2014-10-14 23:00,13.81,44.51,95.9,0.0,9.18,
2014-10-14 22:45,13.81,44.63,96.0,0.0,-41.22,
2014-10-14 22:30,13.81,44.63,95.8,0.0,8.85,
2014-10-14 22:15,13.81,44.76,95.9,0.0,10.05,
2014-10-14 22:00,13.81,44.76,96.0,0.0,3.001,
2014-10-14 21:45,13.81,44.63,96.2,0.0,8.99,
2014-10-14 21:30,13.81,44.76,96.1,0.0,9.85,
2014-10-14 21:15,13.8,44.76,96.0,0.0,2.935,
2014-10-14 21:00,13.81,45.0,96.3,0.0,24.54,
2014-10-14 20:45,13.81,44.88,95.9,0.0,9.25,
2014-10-14 20:30,13.81,45.12,95.3,0.0,9.06,
2014-10-14 20:15,13.8,44.99,95.6,0.0,3.944,
2014-10-14 20:00,13.81,44.87,95.9,0.0,8.93,
2014-10-14 19:45,13.8,44.75,96.5,0.0,8.68,
2014-10-14 19:30,13.81,44.86,95.6,0.0,8.89,
2014-10-14 19:15,13.81,45.23,95.2,0.0,11.75,
2014-10-14 19:00,13.81,45.35,95.5,0.0,8.82,
2014-10-14 18:45,13.81,45.47,95.2,0.0,10.82,
2014-10-14 18:30,13.81,45.59,95.4,0.0,8.83,
2014-10-14 18:15,13.81,46.19,94.8,0.0,8.99,
2014-10-14 18:00,13.81,46.92,95.0,0.0,8.79,
2014-10-14 17:45,13.81,46.92,94.7,0.0,9.26,
2014-10-14 17:30,13.81,47.28,95.5,0.0,10.06,
2014-10-14 17:15,13.81,47.89,95.1,0.0,8.73,
2014-10-14 17:00,13.8,48.37,94.7,0.0,8.73,
2014-10-14 16:45,13.81,48.74,95.1,0.0,9.79,
2014-10-14 16:30,13.81,49.1,94.7,0.0,2.88,
2014-10-14 16:15,13.8,49.47,94.0,0.0,3.216,
2014-10-14 16:00,13.81,49.83,92.6,0.0,9.14,
2014-10-14 15:45,13.81,50.19,93.3,0.0,8.88,
2014-10-14 15:30,13.81,49.94,90.8,0.0,9.22,
2014-10-14 15:15,13.81,49.94,92.1,0.0,9.03,
2014-10-14 15:00,13.81,49.82,91.5,0.0,8.83,
2014-10-14 14:45,13.81,49.94,90.9,0.0,10.96,
2014-10-14 14:30,13.81,49.94,90.3,0.0,9.03,
2014-10-14 14:15,13.81,50.55,91.8,0.0,8.63,
2014-10-14 14:00,13.81,51.15,92.7,0.0,10.36,
2014-10-14 13:45,13.81,50.67,92.0,0.0,9.69,
2014-10-14 13:30,13.81,51.16,89.3,0.0,8.36,
2014-10-14 13:15,13.81,50.8,89.8,0.0,8.21,
2014-10-14 13:00,13.81,49.59,89.5,0.0,6.872,
2014-10-14 12:45,13.81,49.23,91.2,0.0,8.6,
2014-10-14 12:30,13.81,49.35,90.6,0.0,7.73,
2014-10-14 12:15,13.81,48.98,90.4,0.0,7.27,
2014-10-14 12:00,13.81,48.37,90.5,0.0,5.471,
2014-10-14 11:45,13.81,47.77,92.0,0.0,8.26,
2014-10-14 11:30,13.81,46.92,95.0,0.0,1.682,
2014-10-14 11:15,13.81,46.79,93.7,0.0,10.19,
2014-10-14 11:00,13.81,46.8,93.9,0.0,7.86,
2014-10-14 10:45,13.81,46.92,94.5,0.0,8.32,
2014-10-14 10:30,13.81,47.54,94.2,0.0,9.69,
2014-10-14 10:15,13.81,47.17,95.5,0.0,-145.0,
2014-10-14 10:00,13.81,46.33,96.5,0.0,6.687,
2014-10-14 09:45,13.81,45.36,96.1,0.0,9.74,
2014-10-14 09:30,13.82,46.46,96.8,0.0,8.92,
2014-10-14 09:15,13.81,45.49,97.3,0.0,8.19,
2014-10-14 09:00,13.82,44.51,97.7,0.01,10.05,
2014-10-14 08:45,13.81,44.15,97.8,0.01,7.86,
2014-10-14 08:30,13.81,44.15,97.7,0.0,9.92,
2014-10-14 08:15,13.81,44.03,97.7,0.0,9.65,
2014-10-14 08:00,13.81,43.9,97.8,0.0,-144.8,
2014-10-14 07:45,13.81,43.9,97.9,0.0,9.38,
2014-10-14 07:30,13.82,43.66,97.4,0.0,8.65,
2014-10-14 07:15,13.81,43.42,97.8,0.0,8.92,
2014-10-14 07:00,13.81,43.18,97.6,0.01,8.32,
2014-10-14 06:45,13.81,42.93,98.0,0.01,7.59,
2014-10-14 06:30,13.81,43.05,97.7,0.01,122.2,
2014-10-14 06:15,13.81,43.18,97.6,0.01,8.12,
2014-10-14 06:00,13.82,43.05,97.3,0.01,9.25,
2014-10-14 05:45,13.82,43.18,97.5,0.01,7.86,
2014-10-14 05:30,13.81,43.05,97.3,0.0,8.32,
2014-10-14 05:15,13.81,43.05,97.3,0.01,9.05,
2014-10-14 05:00,13.82,43.05,97.8,0.01,8.52,
2014-10-14 04:45,13.81,43.05,97.5,0.0,10.18,
2014-10-14 04:30,13.81,43.05,97.3,0.0,8.52,
2014-10-14 04:15,13.81,43.18,97.2,0.0,9.78,
2014-10-14 04:00,13.81,43.3,97.3,0.01,8.12,
2014-10-14 03:45,13.81,43.66,97.3,0.02,8.12,
2014-10-14 03:30,13.81,43.54,97.3,0.01,9.32,
2014-10-14 03:15,13.81,43.54,97.3,0.01,9.32,
2014-10-14 03:00,13.81,43.9,97.2,0.0,9.18,
2014-10-14 02:45,13.81,43.66,97.0,0.02,10.32,
2014-10-14 02:30,13.81,43.9,97.4,0.01,8.12,
2014-10-14 02:15,13.81,44.15,97.8,0.04,11.05,
2014-10-14 02:00,13.81,44.39,97.6,0.03,9.32,
2014-10-14 01:45,13.81,44.39,97.4,0.02,8.12,
2014-10-14 01:30,13.81,44.51,97.5,0.02,7.99,
2014-10-14 01:15,13.81,44.39,97.1,0.01,7.59,
2014-10-14 01:00,13.81,44.63,97.5,0.02,24.75,
2014-10-14 00:45,13.81,44.51,97.0,0.02,2.157,
2014-10-14 00:30,13.81,44.74,96.6,0.01,8.69,
2014-10-14 00:15,13.81,44.74,96.5,0.01,8.96,
2014-10-14 00:00,13.81,45.11,95.3,0.02,8.43,
2014-10-13 23:45,13.81,45.23,93.8,0.03,6.302,
2014-10-13 23:30,13.81,45.95,94.7,0.0,7.24,
2014-10-13 23:15,13.81,47.53,91.9,0.01,8.98,
2014-10-13 23:00,13.81,48.75,97.7,0.01,8.71,
2014-10-13 22:45,13.81,48.5,97.6,0.02,9.91,
2014-10-13 22:30,13.81,48.5,97.2,0.04,10.99,
2014-10-13 22:15,13.81,48.62,96.6,0.06,7.66,
2014-10-13 22:00,13.81,48.62,96.2,0.01,8.6,
2014-10-13 21:45,13.81,48.62,95.5,0.02,9.26,
2014-10-13 21:30,13.81,48.74,94.8,0.01,7.0,
2014-10-13 21:15,13.81,48.86,94.4,0.05,8.0,
2014-10-13 21:00,13.81,48.98,93.9,0.01,6.801,
2014-10-13 20:45,13.81,49.35,92.7,0.02,8.73,
2014-10-13 20:30,13.8,49.71,89.4,0.0,9.66,
2014-10-13 20:15,13.81,50.08,86.7,0.0,8.26,
2014-10-13 20:00,13.81,50.2,86.5,0.0,8.33,
2014-10-13 19:45,13.81,50.2,87.3,0.0,-44.18,
2014-10-13 19:30,13.81,50.2,85.8,0.0,8.26,
2014-10-13 19:15,13.8,50.68,83.9,0.0,8.33,
2014-10-13 19:00,13.81,50.93,85.0,0.0,7.66,
2014-10-13 18:45,13.81,50.44,84.1,0.0,8.53,
2014-10-13 18:30,13.81,50.68,83.4,0.0,2.746,
2014-10-13 18:15,13.81,50.44,85.0,0.0,9.39,
2014-10-13 18:00,13.81,50.93,84.8,0.0,8.53,
2014-10-13 17:45,13.81,50.93,86.1,0.0,8.6,
2014-10-13 17:30,13.81,50.81,85.9,0.0,8.33,
2014-10-13 17:15,13.81,51.29,85.8,0.0,2.149,
2014-10-13 17:00,13.81,51.05,85.8,0.0,8.53,
2014-10-13 16:45,13.81,51.17,84.0,0.0,8.6,
2014-10-13 16:30,13.8,51.4,82.9,0.0,8.81,
2014-10-13 16:15,13.81,50.55,84.4,0.0,9.03,
2014-10-13 16:00,13.8,50.06,84.4,0.0,8.91,
2014-10-13 15:45,13.81,50.29,83.3,0.0,8.86,
2014-10-13 15:30,13.8,51.01,83.1,0.0,8.35,
2014-10-13 15:15,13.8,51.13,80.8,0.0,8.84,
2014-10-13 15:00,13.8,52.21,79.6,0.0,8.32,
2014-10-13 14:45,13.8,53.06,76.4,0.0,8.53,
2014-10-13 14:30,13.8,53.54,71.6,0.0,9.02,
2014-10-13 14:15,13.79,53.65,73.0,0.0,9.5,
2014-10-13 14:00,13.79,54.37,70.7,0.0,7.79,
2014-10-13 13:45,13.79,55.1,68.08,0.0,9.12,
2014-10-13 13:30,13.79,55.47,68.56,0.0,6.991,
2014-10-13 13:15,13.79,56.68,63.56,0.0,9.25,
2014-10-13 13:00,13.79,56.92,59.99,0.0,9.18,
2014-10-13 12:45,13.79,57.53,60.93,0.0,7.99,
2014-10-13 12:30,13.79,57.65,63.02,0.0,9.78,
2014-10-13 12:15,13.8,57.9,54.99,0.0,8.25,
2014-10-13 12:00,13.8,56.81,58.24,0.0,8.04,
2014-10-13 11:45,13.8,56.7,56.35,0.0,5.758,
2014-10-13 11:30,13.81,56.46,58.52,0.0,10.58,
2014-10-13 11:15,13.8,55.75,60.28,0.0,8.69,
2014-10-13 11:00,13.8,55.88,58.67,0.0,10.13,
2014-10-13 10:45,13.81,55.04,60.5,0.0,10.23,
2014-10-13 10:30,13.81,54.45,62.73,0.0,9.8,
2014-10-13 10:15,13.81,52.75,65.37,0.0,9.79,
2014-10-13 10:00,13.81,52.27,67.67,0.0,9.92,
2014-10-13 09:45,13.81,51.18,70.4,0.0,10.11,
2014-10-13 09:30,13.81,50.82,71.3,0.0,4.562,
2014-10-13 09:15,13.81,50.1,72.6,0.0,11.52,
2014-10-13 09:00,13.81,49.26,73.5,0.0,10.45,
2014-10-13 08:45,13.81,47.55,77.0,0.0,11.45,
2014-10-13 08:30,13.81,46.46,82.8,0.0,11.38,
2014-10-13 08:15,13.81,45.36,83.5,0.0,9.85,
2014-10-13 08:00,13.81,44.64,86.8,0.0,3.331,
2014-10-13 07:45,13.81,44.52,86.7,0.0,9.44,
2014-10-13 07:30,13.82,44.03,88.1,0.0,9.56,
2014-10-13 07:15,13.82,43.91,89.4,0.0,9.43,
2014-10-13 07:00,13.81,43.43,90.2,0.0,9.61,
2014-10-13 06:45,13.82,42.46,93.0,0.0,3.96,
2014-10-13 06:30,13.81,42.22,95.4,0.0,9.55,
2014-10-13 06:15,13.81,41.0,96.3,0.0,10.41,
2014-10-13 06:00,13.81,41.36,96.4,0.0,9.62,
2014-10-13 05:45,13.82,40.99,95.4,0.0,9.96,
2014-10-13 05:30,13.81,41.11,94.5,0.0,9.44,
2014-10-13 05:15,13.81,41.35,94.6,0.0,10.65,
2014-10-13 05:00,13.82,41.47,94.2,0.0,9.72,
2014-10-13 04:45,13.82,41.72,93.9,0.0,9.58,
2014-10-13 04:30,13.81,41.47,94.0,0.0,9.32,
2014-10-13 04:15,13.82,41.59,93.8,0.0,9.32,
2014-10-13 04:00,13.82,42.08,92.3,0.0,9.45,
2014-10-13 03:45,13.82,42.81,92.8,0.0,10.38,
2014-10-13 03:30,13.81,43.66,93.0,0.0,9.32,
2014-10-13 03:15,13.81,44.27,93.3,0.0,4.398,
2014-10-13 03:00,13.81,44.51,93.9,0.0,9.52,
2014-10-13 02:45,13.81,44.15,93.8,0.0,9.58,
2014-10-13 02:30,13.81,44.39,93.5,0.0,9.58,
2014-10-13 02:15,13.81,44.27,93.5,0.0,9.72,
2014-10-13 02:00,13.81,44.39,93.2,0.0,9.52,
2014-10-13 01:45,13.81,44.39,93.6,0.0,9.38,
2014-10-13 01:30,13.81,44.15,93.8,0.0,3.999,
2014-10-13 01:15,13.81,44.27,93.2,0.0,10.38,
2014-10-13 01:00,13.81,44.63,92.7,0.0,9.45,
2014-10-13 00:45,13.81,44.88,93.5,0.0,9.58,
2014-10-13 00:30,13.81,44.51,93.6,0.0,9.58,
2014-10-13 00:15,13.81,45.0,93.5,0.0,10.85,
2014-10-13 00:00,13.82,45.0,93.1,0.0,9.72,
2014-10-12 23:45,13.81,44.88,93.8,0.0,9.52,
2014-10-12 23:30,13.81,45.24,92.8,0.0,9.59,
2014-10-12 23:15,13.81,45.36,93.1,0.0,10.66,
2014-10-12 23:00,13.82,45.36,93.2,0.0,10.39,
2014-10-12 22:45,13.81,45.6,93.2,0.0,9.53,
2014-10-12 22:30,13.81,45.6,93.4,0.0,10.66,
2014-10-12 22:15,13.81,45.6,93.6,0.0,9.46,
2014-10-12 22:00,13.81,45.6,92.9,0.0,9.73,
2014-10-12 21:45,13.81,45.59,93.1,0.0,11.88,
2014-10-12 21:30,13.81,45.6,93.5,0.0,9.68,
2014-10-12 21:15,13.81,45.59,94.1,0.0,9.75,
2014-10-12 21:00,13.81,45.47,93.2,0.0,9.61,
2014-10-12 20:45,13.81,45.84,93.4,0.0,9.61,
2014-10-12 20:30,13.81,45.71,93.3,0.0,9.89,
2014-10-12 20:15,13.81,45.84,93.5,0.0,9.69,
2014-10-12 20:00,13.81,46.08,93.3,0.0,9.49,
2014-10-12 19:45,13.81,45.84,92.8,0.0,9.89,
2014-10-12 19:30,13.82,45.59,91.5,0.0,9.69,
2014-10-12 19:15,13.82,46.2,92.8,0.0,9.63,
2014-10-12 19:00,13.81,46.19,92.3,0.0,8.26,
2014-10-12 18:45,13.81,46.43,91.8,0.0,9.73,
2014-10-12 18:30,13.81,46.67,91.4,0.0,8.33,
2014-10-12 18:15,13.81,46.92,92.0,0.0,10.46,
2014-10-12 18:00,13.81,47.4,92.3,0.0,8.99,
2014-10-12 17:45,13.81,47.52,90.2,0.0,9.93,
2014-10-12 17:30,13.81,48.13,90.1,0.0,10.2,
2014-10-12 17:15,13.81,49.09,90.6,0.0,8.75,
2014-10-12 17:00,13.81,49.58,88.8,0.0,8.63,
2014-10-12 16:45,13.81,50.3,88.5,0.0,8.37,
2014-10-12 16:30,13.81,50.79,86.7,0.0,8.37,
2014-10-12 16:15,13.8,50.79,84.8,0.0,8.63,
2014-10-12 16:00,13.81,51.03,84.0,0.0,7.77,
2014-10-12 15:45,13.81,51.15,85.1,0.0,6.973,
2014-10-12 15:30,13.8,51.76,81.3,0.0,8.04,
2014-10-12 15:15,13.81,52.0,78.3,0.0,6.85,
2014-10-12 15:00,13.81,51.88,77.8,0.0,5.464,
2014-10-12 14:45,13.81,51.51,76.7,0.0,5.404,
2014-10-12 14:30,13.8,52.12,79.3,0.0,8.65,
2014-10-12 14:15,13.8,52.61,70.4,0.0,6.647,
2014-10-12 14:00,13.81,52.37,68.94,0.0,5.244,
2014-10-12 13:45,13.81,52.13,73.4,0.0,9.3,
2014-10-12 13:30,13.81,51.76,76.1,0.0,8.03,
2014-10-12 13:15,13.81,51.76,73.9,0.0,5.375,
2014-10-12 13:00,13.81,51.16,78.2,0.0,7.96,
2014-10-12 12:45,13.8,50.92,76.1,0.0,0.638,
2014-10-12 12:30,13.81,50.8,84.5,0.0,9.02,
2014-10-12 12:15,13.81,50.07,83.3,0.0,8.54,
2014-10-12 12:00,13.81,49.47,83.2,0.0,10.39,
2014-10-12 11:45,13.81,49.59,83.7,0.0,8.53,
2014-10-12 11:30,13.81,49.59,85.2,0.0,9.26,
2014-10-12 11:15,13.82,49.59,86.5,0.0,8.66,
2014-10-12 11:00,13.81,48.62,86.3,0.0,9.73,
2014-10-12 10:45,13.81,48.5,85.7,0.0,10.52,
2014-10-12 10:30,13.81,48.86,89.2,0.0,12.98,
2014-10-12 10:15,13.82,47.77,88.7,0.0,10.78,
2014-10-12 10:00,13.81,47.77,91.0,0.0,7.12,
2014-10-12 09:45,13.81,48.27,90.4,0.0,11.02,
2014-10-12 09:30,13.81,47.91,93.8,0.0,8.75,
2014-10-12 09:15,13.81,47.3,93.2,0.0,3.485,
2014-10-12 09:00,13.81,47.07,96.3,0.0,8.12,
2014-10-12 08:45,13.82,46.22,97.3,0.0,10.45,
2014-10-12 08:30,13.81,45.61,97.4,0.0,8.12,
2014-10-12 08:15,13.81,45.36,97.6,0.0,8.12,
2014-10-12 08:00,13.81,45.12,97.8,0.0,7.99,
2014-10-12 07:45,13.82,44.63,97.8,0.0,10.12,
2014-10-12 07:30,13.82,44.15,98.0,0.0,8.65,
2014-10-12 07:15,13.81,43.78,97.6,0.0,8.65,
2014-10-12 07:00,13.81,43.42,97.8,0.0,8.79,
2014-10-12 06:45,13.81,42.81,97.5,0.0,8.79,
2014-10-12 06:30,13.82,42.69,97.3,0.0,10.38,
2014-10-12 06:15,13.82,42.81,97.1,0.0,8.92,
2014-10-12 06:00,13.81,43.54,97.0,0.0,8.79,
2014-10-12 05:45,13.82,43.9,97.3,0.0,7.99,
2014-10-12 05:30,13.81,44.27,97.6,0.0,7.46,
2014-10-12 05:15,13.82,44.03,97.8,0.0,2.669,
2014-10-12 05:00,13.82,44.15,97.6,0.0,9.98,
2014-10-12 04:45,13.81,44.39,97.6,0.01,8.92,
2014-10-12 04:30,13.82,44.39,97.3,0.0,8.65,
2014-10-12 04:15,13.81,44.39,97.6,0.0,8.12,
2014-10-12 04:00,13.81,44.63,97.4,0.01,6.658,
2014-10-12 03:45,13.82,44.76,97.6,0.0,6.658,
2014-10-12 03:30,13.81,44.76,97.5,0.0,7.72,
2014-10-12 03:15,13.81,44.88,97.3,0.02,7.72,
2014-10-12 03:00,13.81,45.0,97.5,0.0,7.72,
2014-10-12 02:45,13.82,45.12,97.8,0.0,7.06,
2014-10-12 02:30,13.81,44.88,97.9,0.0,6.858,
2014-10-12 02:15,13.82,45.0,97.5,0.0,1.073,
2014-10-12 02:00,13.81,44.88,97.3,0.0,0.275,
2014-10-12 01:45,13.81,44.76,97.3,0.0,5.993,
2014-10-12 01:30,13.81,45.0,97.6,0.0,7.06,
2014-10-12 01:15,13.81,45.0,97.5,0.01,6.791,
2014-10-12 01:00,13.82,44.51,97.6,0.01,9.18,
2014-10-12 00:45,13.82,44.63,97.3,0.0,11.45,
2014-10-12 00:30,13.81,44.51,97.3,0.0,4.065,
2014-10-12 00:15,13.81,44.51,97.0,0.0,6.858,
2014-10-12 00:00,13.82,44.63,96.7,0.0,9.58,
2014-10-11 23:45,13.81,44.88,96.5,0.02,10.18,
2014-10-11 23:30,13.81,44.88,96.1,0.0,21.82,
2014-10-11 23:15,13.82,44.51,95.9,0.0,10.85,
2014-10-11 23:00,13.82,44.51,95.9,0.0,7.93,
2014-10-11 22:45,13.81,44.63,95.6,0.0,8.33,
2014-10-11 22:30,13.81,44.62,94.4,0.0,2.63,
2014-10-11 22:15,13.81,45.35,92.9,0.01,7.23,
2014-10-11 22:00,13.82,45.96,88.5,0.0,13.87,
2014-10-11 21:45,13.81,46.93,78.1,0.01,-41.64,
2014-10-11 21:30,13.81,48.27,73.1,0.0,9.94,
2014-10-11 21:15,13.81,48.03,71.5,0.0,3.893,
2014-10-11 21:00,13.81,48.03,71.1,0.0,11.01,
2014-10-11 20:45,13.81,47.67,74.6,0.0,11.72,
2014-10-11 20:30,13.81,48.16,72.8,0.0,12.38,
2014-10-11 20:15,13.82,47.92,74.7,0.0,6.924,
2014-10-11 20:00,13.81,47.8,74.4,0.0,9.92,
2014-10-11 19:45,13.81,47.43,78.6,0.0,10.58,
2014-10-11 19:30,13.82,47.07,80.1,0.0,9.32,
2014-10-11 19:15,13.82,46.94,80.9,0.0,11.58,
2014-10-11 19:00,13.82,45.97,84.2,0.0,4.996,
2014-10-11 18:45,13.82,45.24,87.9,0.0,8.92,
2014-10-11 18:30,13.81,44.39,94.0,0.0,2.27,
